Time,Book,Chapter,Verse,Text
1:00,Day 1: Light,1,00,"In the beginning, God said, 'Let there be light!' and light burst forth."
1:01,Genesis,1,01,In the beginning God created the heavens and the earth.
1:02,2 Corinthians,1,02,Grace and peace to you from God our Father and the Lord Jesus Christ.
1:03,Colossians,1,03,"We always thank God, the Father of our Lord Jesus Christ, when we pray for you,"
1:04,2 Corinthians,1,04,"who comforts us in all our troubles, so that we can comfort those in any trouble with the comfort we ourselves receive from God."
1:05,Proverbs,1,05,"let the wise listen and add to their learning, and let the discerning get guidance-"
1:06,2 Timothy,1,06,"For this reason I remind you to fan into flame the gift of God, which is in you through the laying on of my hands."
1:07,Joshua,1,07,"""Be strong and very courageous. Be careful to obey all the law my servant Moses gave you; do not turn from it to the right or to the left, that you may be successful wherever you go."
1:08,Jeremiah,1,08,"Do not be afraid of them, for I am with you and will rescue you,"" declares the Lord."
1:09,Philippians,1,09,"And this is my prayer: that your love may abound more and more in knowledge and depth of insight,"
1:10,Ecclesiastes,1,10,"Is there anything of which one can say, ""Look! This is something new""? It was here already, long ago; it was here before our time."
1:11,Mark,1,11,"And a voice came from heaven: ""You are my Son, whom I love; with you I am well pleased."""
1:12,James,1,12,"Blessed is the one who perseveres under trial because, having stood the test, that person will receive the crown of life that the Lord has promised to those who love him."
1:13,Habakkuk,1,13,Your eyes are too pure to look on evil; you cannot tolerate wrongdoing. Why then do you tolerate the treacherous? Why are you silent while the wicked swallow up those more righteous than themselves?
1:14,Philippians,1,14,"And because of my chains, most of the brothers and sisters have become confident in the Lord and dare all the more to proclaim the gospel without fear."
1:15,2 Chronicles,1,15,"The king made silver and gold as common in Jerusalem as stones, and cedar as plentiful as sycamore-fig trees in the foothills."
1:16,Isaiah,1,16,Wash and make yourselves clean. Take your evil deeds out of my sight; stop doing wrong.
1:17,Jonah,1,17,"Now the Lord provided a huge fish to swallow Jonah, and Jonah was in the belly of the fish three days and three nights."
1:18,Exodus,1,18,"Then the king of Egypt summoned the midwives and asked them, ""Why have you done this? Why have you let the boys live?"""
1:19,Proverbs,1,19,Such are the paths of all who go after ill-gotten gain; it takes away the life of those who get it.
1:20,Romans,1,20,"For since the creation of the world God's invisible qualities-his eternal power and divine nature-have been clearly seen, being understood from what has been made, so that people are without excuse."
1:21,Philippians,1,21,"For to me, to live is Christ and to die is gain."
1:22,Colossians,1,22,"But now he has reconciled you by Christ's physical body through death to present you holy in his sight, without blemish and free from accusation-"
1:23,John,1,23,"John replied in the words of Isaiah the prophet, ""I am the voice of one calling in the wilderness, 'Make straight the way for the Lord.'"""
1:24,1 Peter,1,24,"For, ""All people are like grass, and all their glory is like the flowers of the field; the grass withers and the flowers fall,"
1:25,1 Peter,1,25,"but the word of the Lord endures forever."" And this is the word that was preached to you."
1:26,1 Corinthians,1,26,"Brothers and sisters, think of what you were when you were called. Not many of you were wise by human standards; not many were influential; not many were of noble birth."
1:27,1 Corinthians,1,27,But God chose the foolish things of the world to shame the wise; God chose the weak things of the world to shame the strong.
1:28,Genesis,1,28,"God blessed them and said to them, ""Be fruitful and increase in number; fill the earth and subdue it. Rule over the fish in the sea and the birds in the sky and over every living creature that moves on the ground."""
1:29,Philippians,1,29,"For it has been granted to you on behalf of Christ not only to believe in him, but also to suffer for him,"
1:30,Deuteronomy,1,30,"The Lord your God, who is going before you, will fight for you, as he did for you in Egypt, before your very eyes,"
1:31,Genesis,1,31,"God saw all that he had made, and it was very good. And there was evening, and there was morning-the sixth day."
1:32,Luke,1,32,"He will be great and will be called the Son of the Most High. The Lord God will give him the throne of his father David,"
1:33,Proverbs,1,33,"but whoever listens to me will live in safety and be at ease, without fear of harm."""
1:34,Mark,1,34,"and Jesus healed many who had various diseases. He also drove out many demons, but he would not let the demons speak because they knew who he was."
1:35,Luke,1,35,"The angel answered, ""The Holy Spirit will come on you, and the power of the Most High will overshadow you. So the holy one to be born will be called the Son of God."
1:36,John,1,36,"When he saw Jesus passing by, he said, ""Look, the Lamb of God!"""
1:37,Luke,1,37,"For no word from God will ever fail."""
1:38,Luke,1,38,"""I am the Lord's servant,"" Mary answered. ""May your word to me be fulfilled."" Then the angel left her."
1:39,Deuteronomy,1,39,"And the little ones that you said would be taken captive, your children who do not yet know good from bad-they will enter the land. I will give it to them and they will take possession of it."
1:40,1 Kings,1,40,"And all the people went up after him, playing pipes and rejoicing greatly, so that the ground shook with the sound."
1:41,Luke,1,41,"When Elizabeth heard Mary's greeting, the baby leaped in her womb, and Elizabeth was filled with the Holy Spirit."
1:42,Mark,1,42,Immediately the leprosy left him and he was cleansed.
1:43,John,1,43,"The next day Jesus decided to leave for Galilee. Finding Philip, he said to him, ""Follow me."""
1:44,Mark,1,44,"""See that you don't tell this to anyone. But go, show yourself to the priest and offer the sacrifices that Moses commanded for your cleansing, as a testimony to them."""
1:45,Luke,1,45,"Blessed is she who has believed that the Lord would fulfill his promises to her!"""
1:46,John,1,46,"""Nazareth! Can anything good come from there?"" Nathanael asked. ""Come and see,"" said Philip."
1:47,Luke,1,47,"and my spirit rejoices in God my Savior,"
1:48,1 Kings,1,48,"and said, 'Praise be to the Lord, the God of Israel, who has allowed my eyes to see a successor on my throne today.'"""
1:49,John,1,49,"Then Nathanael declared, ""Rabbi, you are the Son of God; you are the king of Israel."""
1:50,John,1,50,"Jesus said, ""You believe because I told you I saw you under the fig tree. You will see greater things than that."""
1:51,Luke,1,51,He has performed mighty deeds with his arm; he has scattered those who are proud in their inmost thoughts.
1:52,1 Kings,1,52,"Solomon replied, ""If he shows himself to be worthy, not a hair of his head will fall to the ground; but if evil is found in him, he will die."""
1:53,Luke,1,53,He has filled the hungry with good things but has sent the rich away empty.
1:54,Luke,1,54,"He has helped his servant Israel, remembering to be merciful"
1:55,Luke,1,55,"to Abraham and his descendants forever, just as he promised our ancestors."""
1:56,Luke,1,56,Mary stayed with Elizabeth for about three months and then returned home.
1:57,Luke,1,57,"When it was time for Elizabeth to have her baby, she gave birth to a son."
1:58,Luke,1,58,"Her neighbors and relatives heard that the Lord had shown her great mercy, and they shared her joy."
1:59,Luke,1,59,"On the eighth day they came to circumcise the child, and they were going to name him after his father Zechariah,"
2:00,Day 2: The Expanse,2,00,God created a vault to separate the waters above from the waters below.
2:01,Romans,2,01,"You, therefore, have no excuse, you who pass judgment on someone else, for at whatever point you judge another, you are condemning yourself, because you who pass judgment do the same things."
2:02,Jonah,2,02,"He said: ""In my distress I called to the Lord, and he answered me. From deep in the realm of the dead I called for help, and you listened to my cry."
2:03,Habakkuk,2,03,"For the revelation awaits an appointed time; it speaks of the end and will not prove false. Though it linger, wait for it; it will certainly come and will not delay."
2:04,Acts,2,04,All of them were filled with the Holy Spirit and began to speak in other tongues as the Spirit enabled them.
2:05,1 Timothy,2,05,"For there is one God and one mediator between God and mankind, the man Christ Jesus,"
2:06,1 Thessalonians,2,06,"We were not looking for praise from people, not from you or anyone else, even though as apostles of Christ we could have asserted our authority."
2:07,Titus,2,07,"In everything set them an example by doing what is good. In your teaching show integrity, seriousness"
2:08,Ruth,2,08,"So Boaz said to Ruth, ""My daughter, listen to me. Don't go and glean in another field and don't go away from here. Stay here with the women who work for me."
2:09,1 John,2,09,Anyone who claims to be in the light but hates a brother or sister is still in the darkness.
2:10,2 Timothy,2,10,"Therefore I endure everything for the sake of the elect, that they too may obtain the salvation that is in Christ Jesus, with eternal glory."
2:11,Philippians,2,11,"and every tongue acknowledge that Jesus Christ is Lord, to the glory of God the Father."
2:12,Proverbs,2,12,"Wisdom will save you from the ways of wicked men, from men whose words are perverse,"
2:13,Colossians,2,13,"When you were dead in your sins and in the uncircumcision of your flesh, God made you alive with Christ. He forgave us all our sins,"
2:14,1 Corinthians,2,14,"The person without the Spirit does not accept the things that come from the Spirit of God but considers them foolishness, and cannot understand them because they are discerned only through the Spirit."
2:15,Malachi,2,15,"Has not the one God made you? You belong to him in body and spirit. And what does the one God seek? Godly offspring. So be on your guard, and do not be unfaithful to the wife of your youth."
2:16,2 Timothy,2,16,"Avoid godless chatter, because those who indulge in it will become more and more ungodly."
2:17,Mark,2,17,"On hearing this, Jesus said to them, ""It is not the healthy who need a doctor, but the sick. I have not come to call the righteous, but sinners."""
2:18,Genesis,2,18,"The Lord God said, ""It is not good for the man to be alone. I will make a helper suitable for him."""
2:19,John,2,19,"Jesus answered them, ""Destroy this temple, and I will raise it again in three days."""
2:20,Galatians,2,20,"I have been crucified with Christ and I no longer live, but Christ lives in me. The life I now live in the body, I live by faith in the Son of God, who loved me and gave himself for me."
2:21,Daniel,2,21,He changes times and seasons; he deposes kings and raises up others. He gives wisdom to the wise and knowledge to the discerning.
2:22,Joel,2,22,"Do not be afraid, you wild animals, for the pastures in the wilderness are becoming green. The trees are bearing their fruit; the fig tree and the vine yield their riches."
2:23,2 Timothy,2,23,"Don't have anything to do with foolish and stupid arguments, because you know they produce quarrels."
2:24,2 Timothy,2,24,"And the Lord's servant must not be quarrelsome but must be kind to everyone, able to teach, not resentful."
2:25,1 John,2,25,And this is what he promised us-eternal life.
2:26,Ecclesiastes,2,26,"To the person who pleases him, God gives wisdom, knowledge and happiness, but to the sinner he gives the task of gathering and storing up wealth to hand it over to the one who pleases God. This too is meaningless, a chasing after the wind."
2:27,Mark,2,27,"Then he said to them, ""The Sabbath was made for man, not man for the Sabbath."
2:28,Mark,2,28,"So the Son of Man is Lord even of the Sabbath."""
2:29,Revelation,2,29,"Whoever has ears, let them hear what the Spirit says to the churches."
2:30,Daniel,2,30,"As for me, this mystery has been revealed to me, not because I have greater wisdom than anyone else alive, but so that Your Majesty may know the interpretation and that you may understand what went through your mind."
2:31,Joel,2,31,The sun will be turned to darkness and the moon to blood before the coming of the great and dreadful day of the Lord.
2:32,Acts,2,32,"God has raised this Jesus to life, and we are all witnesses of it."
2:33,Deuteronomy,2,33,"the Lord our God delivered him over to us and we struck him down, together with his sons and his whole army."
2:34,Acts,2,34,"For David did not ascend to heaven, and yet he said, ""'The Lord said to my Lord: ""Sit at my right hand"
2:35,1 Samuel,2,35,"I will raise up for myself a faithful priest, who will do according to what is in my heart and mind. I will firmly establish his priestly house, and they will minister before my anointed one always."
2:36,Acts,2,36,"""Therefore let all Israel be assured of this: God has made this Jesus, whom you crucified, both Lord and Messiah."""
2:37,Jeremiah,2,37,"You will also leave that place with your hands on your head, for the Lord has rejected those you trust; you will not be helped by them."
2:38,Acts,2,38,"Peter replied, ""Repent and be baptized, every one of you, in the name of Jesus Christ for the forgiveness of your sins. And you will receive the gift of the Holy Spirit."
2:39,Luke,2,39,"When Joseph and Mary had done everything required by the Law of the Lord, they returned to Galilee to their own town of Nazareth."
2:40,Acts,2,40,"With many other words he warned them; and he pleaded with them, ""Save yourselves from this corrupt generation."""
2:41,Luke,2,41,Every year Jesus' parents went to Jerusalem for the Festival of the Passover.
2:42,Acts,2,42,"They devoted themselves to the apostles' teaching and to fellowship, to the breaking of bread and to prayer."
2:43,Acts,2,43,Everyone was filled with awe at the many wonders and signs performed by the apostles.
2:44,Daniel,2,44,"""In the time of those kings, the God of heaven will set up a kingdom that will never be destroyed, nor will it be left to another people. It will crush all those kingdoms and bring them to an end, but it will itself endure forever."
2:45,1 Kings,2,45,"But King Solomon will be blessed, and David's throne will remain secure before the Lord forever."""
2:46,Luke,2,46,"After three days they found him in the temple courts, sitting among the teachers, listening to them and asking them questions."
2:47,Daniel,2,47,"The king said to Daniel, ""Surely your God is the God of gods and the Lord of kings and a revealer of mysteries, for you were able to reveal this mystery."""
2:48,Daniel,2,48,Then the king placed Daniel in a high position and lavished many gifts on him. He made him ruler over the entire province of Babylon and placed him in charge of all its wise men.
2:49,Luke,2,49,"""Why were you searching for me?"" he asked. ""Didn't you know I had to be in my Father's house?"""
2:50,Luke,2,50,But they did not understand what he was saying to them.
2:51,Luke,2,51,Then he went down to Nazareth with them and was obedient to them. But his mother treasured all these things in her heart.
2:52,Luke,2,52,"And Jesus grew in wisdom and stature, and in favor with God and man."
2:53,1 Chronicles,2,53,"and the clans of Kiriath Jearim: the Ithrites, Puthites, Shumathites and Mishraites. From these descended the Zorathites and Eshtaolites."
2:54,1 Chronicles,2,54,"The descendants of Salma: Bethlehem, the Netophathites, Atroth Beth Joab, half the Manahathites, the Zorites,"
2:55,Ezra,2,55,"The descendants of the servants of Solomon:the descendants ofSotai, Hassophereth, Peruda,"
2:56,Ezra,2,56,"Jaala, Darkon, Giddel,"
2:57,Ezra,2,57,"Shephatiah, Hattil, Pokereth-Hazzebaim and Ami"
2:58,Ezra,2,58,The temple servants and the descendants of the servants of Solomon 392
2:59,Ezra,2,59,"The following came up from the towns of Tel Melah, Tel Harsha, Kerub, Addon and Immer, but they could not show that their families were descended from Israel:"
3:00,Day 3: Land and Vegetation,3,00,God gathered the waters so that dry land appeared-and the earth brought forth vegetation.
3:01,Ecclesiastes,3,01,"There is a time for everything, and a season for every activity under the heavens:"
3:02,Colossians,3,02,"Set your minds on things above, not on earthly things."
3:03,Proverbs,3,03,"Let love and faithfulness never leave you; bind them around your neck, write them on the tablet of your heart."
3:04,Luke,3,04,"As it is written in the book of the words of Isaiah the prophet: ""A voice of one calling in the wilderness, 'Prepare the way for the Lord, make straight paths for him."
3:05,James,3,05,"Likewise, the tongue is a small part of the body, but it makes great boasts. Consider what a great forest is set on fire by a small spark."
3:06,Galatians,3,06,"So also Abraham ""believed God, and it was credited to him as righteousness."""
3:07,Proverbs,3,07,Do not be wise in your own eyes; fear the Lord and shun evil.
3:08,Ephesians,3,08,"Although I am less than the least of all the Lord's people, this grace was given me: to preach to the Gentiles the boundless riches of Christ,"
3:09,Proverbs,3,09,"Honor the Lord with your wealth, with the firstfruits of all your crops;"
3:10,Jonah,3,10,"When God saw what they did and how they turned from their evil ways, he relented and did not bring on them the destruction he had threatened."
3:11,1 Corinthians,3,11,"For no one can lay any foundation other than the one already laid, which is Jesus Christ."
3:12,Colossians,3,12,"Therefore, as God's chosen people, holy and dearly loved, clothe yourselves with compassion, kindness, humility, gentleness and patience."
3:13,Galatians,3,13,"Christ redeemed us from the curse of the law by becoming a curse for us, for it is written: ""Cursed is everyone who is hung on a pole."""
3:14,1 Peter,3,14,"But even if you should suffer for what is right, you are blessed. ""Do not fear their threats; do not be frightened."""
3:15,Acts,3,15,"You killed the author of life, but God raised him from the dead. We are witnesses of this."
3:16,John,3,16,"For God so loved the world that he gave his one and only Son, that whoever believes in him shall not perish but have eternal life."
3:17,James,3,17,"But the wisdom that comes from heaven is first of all pure; then peace-loving, considerate, submissive, full of mercy and good fruit, impartial and sincere."
3:18,2 Corinthians,3,18,"And we all, who with unveiled faces contemplate the Lord's glory, are being transformed into his image with ever-increasing glory, which comes from the Lord, who is the Spirit."
3:19,Habakkuk,3,19,"The Sovereign Lord is my strength; he makes my feet like the feet of a deer, he enables me to tread on the heights. For the director of music. On my stringed instruments."
3:20,Ephesians,3,20,"Now to him who is able to do immeasurably more than all we ask or imagine, according to his power that is at work within us,"
3:21,John,3,21,"But whoever lives by the truth comes into the light, so that it may be seen plainly that what they have done has been done in the sight of God."
3:22,Lamentations,3,22,"Because of the Lord's great love we are not consumed, for his compassions never fail."
3:23,Romans,3,23,"for all have sinned and fall short of the glory of God,"
3:24,1 John,3,24,"The one who keeps God's commands lives in him, and he in them. And this is how we know that he lives in us: We know it by the Spirit he gave us."
3:25,Lamentations,3,25,"The Lord is good to those whose hope is in him, to the one who seeks him;"
3:26,Proverbs,3,26,for the Lord will be at your side and will keep your foot from being snared.
3:27,Proverbs,3,27,"Do not withhold good from those to whom it is due, when it is in your power to act."
3:28,Romans,3,28,For we maintain that a person is justified by faith apart from the works of the law.
3:29,Galatians,3,29,"If you belong to Christ, then you are Abraham's seed, and heirs according to the promise."
3:30,Romans,3,30,"since there is only one God, who will justify the circumcised by faith and the uncircumcised through that same faith."
3:31,John,3,31,"The one who comes from above is above all; the one who is from the earth belongs to the earth, and speaks as one from the earth. The one who comes from heaven is above all."
3:32,Proverbs,3,32,For the Lord detests the perverse but takes the upright into his confidence.
3:33,Proverbs,3,33,"The Lord's curse is on the house of the wicked, but he blesses the home of the righteous."
3:34,John,3,34,"For the one whom God has sent speaks the words of God, for God gives the Spirit without limit."
3:35,Proverbs,3,35,"The wise inherit honor, but fools get only shame."
3:36,John,3,36,"Whoever believes in the Son has eternal life, but whoever rejects the Son will not see life, for God's wrath remains on them."
3:37,Lamentations,3,37,Who can speak and have it happen if the Lord has not decreed it?
3:38,2 Samuel,3,38,"Then the king said to his men, ""Do you not realize that a commander and a great man has fallen in Israel this day?"
3:39,Lamentations,3,39,Why should the living complain when punished for their sins?
3:40,Lamentations,3,40,"Let us examine our ways and test them, and let us return to the Lord."
3:41,Lamentations,3,41,"Let us lift up our hearts and our hands to God in heaven, and say:"
3:42,Numbers,3,42,"So Moses counted all the firstborn of the Israelites, as the Lord commanded him."
3:43,Numbers,3,43,"The total number of firstborn males a month old or more, listed by name, was 22,273."
3:44,Numbers,3,44,"The Lord also said to Moses,"
3:45,Numbers,3,45,"""Take the Levites in place of all the firstborn of Israel, and the livestock of the Levites in place of their livestock. The Levites are to be mine. I am the Lord."
3:46,Lamentations,3,46,"""All our enemies have opened their mouths wide against us."
3:47,Lamentations,3,47,"We have suffered terror and pitfalls, ruin and destruction."""
3:48,Numbers,3,48,"Give the money for the redemption of the additional Israelites to Aaron and his sons."""
3:49,Numbers,3,49,So Moses collected the redemption money from those who exceeded the number redeemed by the Levites.
3:50,Numbers,3,50,"From the firstborn of the Israelites he collected silver weighing 1,365 shekels, according to the sanctuary shekel."
3:51,Numbers,3,51,"Moses gave the redemption money to Aaron and his sons, as he was commanded by the word of the Lord."
3:52,Lamentations,3,52,Those who were my enemies without cause hunted me like a bird.
3:53,Lamentations,3,53,They tried to end my life in a pit and threw stones at me;
3:54,Lamentations,3,54,"the waters closed over my head, and I thought I was about to perish."
3:55,Lamentations,3,55,"I called on your name, Lord, from the depths of the pit."
3:56,Lamentations,3,56,"You heard my plea: ""Do not close your ears to my cry for relief."""
3:57,Lamentations,3,57,"You came near when I called you, and you said, ""Do not fear."""
3:58,Lamentations,3,58,"You, Lord, took up my case; you redeemed my life."
3:59,Lamentations,3,59,"Lord, you have seen the wrong done to me. Uphold my cause!"
4:00,Day 4: Celestial Lights,4,00,He set lights in the sky to mark day from night and to govern the seasons.
4:01,James,4,01,What causes fights and quarrels among you? Don't they come from your desires that battle within you?
4:02,2 Timothy,4,02,"Preach the word; be prepared in season and out of season; correct, rebuke and encourage-with great patience and careful instruction."
4:03,Colossians,4,03,"And pray for us, too, that God may open a door for our message, so that we may proclaim the mystery of Christ, for which I am in chains."
4:04,Matthew,4,04,"Jesus answered, ""It is written: 'Man shall not live on bread alone, but on every word that comes from the mouth of God.'"""
4:05,1 John,4,05,"They are from the world and therefore speak from the viewpoint of the world, and the world listens to them."
4:06,1 Peter,4,06,"For this is the reason the gospel was preached even to those who are now dead, so that they might be judged according to human standards in regard to the body, but live according to God in regard to the spirit."
4:07,2 Timothy,4,07,"I have fought the good fight, I have finished the race, I have kept the faith."
4:08,1 John,4,08,"Whoever does not love does not know God, because God is love."
4:09,Genesis,4,09,"Then the Lord said to Cain, ""Where is your brother Abel?"" ""I don't know,"" he replied. ""Am I my brother's keeper?"""
4:10,1 Timothy,4,10,"That is why we labor and strive, because we have put our hope in the living God, who is the Savior of all people, and especially of those who believe."
4:11,1 Peter,4,11,"If anyone speaks, they should do so as one who speaks the very words of God. If anyone serves, they should do so with the strength God provides, so that in all things God may be praised through Jesus Christ. To him be the glory and the power for ever and ever. Amen."
4:12,Philippians,4,12,"I know what it is to be in need, and I know what it is to have plenty. I have learned the secret of being content in any and every situation, whether well fed or hungry, whether living in plenty or in want."
4:13,Amos,4,13,"He who forms the mountains, who creates the wind, and who reveals his thoughts to mankind, who turns dawn to darkness, and treads on the heights of the earth- the Lord God Almighty is his name."
4:14,Proverbs,4,14,Do not set foot on the path of the wicked or walk in the way of evildoers.
4:15,2 Corinthians,4,15,"All this is for your benefit, so that the grace that is reaching more and more people may cause thanksgiving to overflow to the glory of God."
4:16,1 Peter,4,16,"However, if you suffer as a Christian, do not be ashamed, but praise God that you bear that name."
4:17,2 Corinthians,4,17,For our light and momentary troubles are achieving for us an eternal glory that far outweighs them all.
4:18,2 Timothy,4,18,The Lord will rescue me from every evil attack and will bring me safely to his heavenly kingdom. To him be glory for ever and ever. Amen.
4:19,Mark,4,19,"but the worries of this life, the deceitfulness of wealth and the desires for other things come in and choke the word, making it unfruitful."
4:20,Philippians,4,20,To our God and Father be glory for ever and ever. Amen.
4:21,John,4,21,"""Woman,"" Jesus replied, ""believe me, a time is coming when you will worship the Father neither on this mountain nor in Jerusalem."
4:22,Mark,4,22,"For whatever is hidden is meant to be disclosed, and whatever is concealed is meant to be brought out into the open."
4:23,Proverbs,4,23,"Above all else, guard your heart, for everything you do flows from it."
4:24,Proverbs,4,24,Keep your mouth free of perversity; keep corrupt talk far from your lips.
4:25,Romans,4,25,He was delivered over to death for our sins and was raised to life for our justification.
4:26,Ephesians,4,26,"""In your anger do not sin"": Do not let the sun go down while you are still angry,"
4:27,Proverbs,4,27,Do not turn to the right or the left; keep your foot from evil.
4:28,Ephesians,4,28,"Anyone who has been stealing must steal no longer, but must work, doing something useful with their own hands, that they may have something to share with those in need."
4:29,Deuteronomy,4,29,"But if from there you seek the Lord your God, you will find him if you seek him with all your heart and with all your soul."
4:30,1 Kings,4,30,"Solomon's wisdom was greater than the wisdom of all the people of the East, and greater than all the wisdom of Egypt."
4:31,Acts,4,31,"After they prayed, the place where they were meeting was shaken. And they were all filled with the Holy Spirit and spoke the word of God boldly."
4:32,Ephesians,4,32,"Be kind and compassionate to one another, forgiving each other, just as in Christ God forgave you."
4:33,Acts,4,33,With great power the apostles continued to testify to the resurrection of the Lord Jesus. And God's grace was so powerfully at work in them all
4:34,John,4,34,"""My food,"" said Jesus, ""is to do the will of him who sent me and to finish his work."
4:35,Daniel,4,35,"All the peoples of the earth are regarded as nothing. He does as he pleases with the powers of heaven and the peoples of the earth. No one can hold back his hand or say to him: ""What have you done?"""
4:36,Luke,4,36,"All the people were amazed and said to each other, ""What words these are! With authority and power he gives orders to impure spirits and they come out!"""
4:37,Deuteronomy,4,37,"Because he loved your ancestors and chose their descendants after them, he brought you out of Egypt by his Presence and his great strength,"
4:38,Mark,4,38,"Jesus was in the stern, sleeping on a cushion. The disciples woke him and said to him, ""Teacher, don't you care if we drown?"""
4:39,Mark,4,39,"He got up, rebuked the wind and said to the waves, ""Quiet! Be still!"" Then the wind died down and it was completely calm."
4:40,Luke,4,40,"At sunset, the people brought to Jesus all who had various kinds of sickness, and laying his hands on each one, he healed them."
4:41,Luke,4,41,"Moreover, demons came out of many people, shouting, ""You are the Son of God!"" But he rebuked them and would not allow them to speak, because they knew he was the Messiah."
4:42,John,4,42,"They said to the woman, ""We no longer believe just because of what you said; now we have heard for ourselves, and we know that this man really is the Savior of the world."""
4:43,Luke,4,43,"But he said, ""I must proclaim the good news of the kingdom of God to the other towns also, because that is why I was sent."""
4:44,John,4,44,(Now Jesus himself had pointed out that a prophet has no honor in his own country.)
4:45,John,4,45,"When he arrived in Galilee, the Galileans welcomed him. They had seen all that he had done in Jerusalem at the Passover Festival, for they also had been there."
4:46,John,4,46,"Once more he visited Cana in Galilee, where he had turned the water into wine. And there was a certain royal official whose son lay sick at Capernaum."
4:47,John,4,47,"When this man heard that Jesus had arrived in Galilee from Judea, he went to him and begged him to come and heal his son, who was close to death."
4:48,John,4,48,"""Unless you people see signs and wonders,"" Jesus told him, ""you will never believe."""
4:49,Numbers,4,49,"At the Lord's command through Moses, each was assigned his work and told what to carry. Thus they were counted, as the Lord commanded Moses."
4:50,John,4,50,"""Go,"" Jesus replied, ""your son will live."" The man took Jesus at his word and departed."
4:51,John,4,51,"While he was still on the way, his servants met him with the news that his boy was living."
4:52,John,4,52,"When he inquired as to the time when his son got better, they said to him, ""Yesterday, at one in the afternoon, the fever left him."""
4:53,John,4,53,"Then the father realized that this was the exact time at which Jesus had said to him, ""Your son will live."" So he and his whole household believed."
4:54,John,4,54,This was the second sign Jesus performed after coming from Judea to Galilee.
4:55,Belt of Truth,4,55,"Fasten the belt of truth around your waist, for honesty is our foundation."
4:56,Breastplate,4,56,Wear the breastplate of righteousness; let your heart be guarded by godly living.
4:57,Shoes of Peace,4,57,Step out in the shoes of the Gospel-ready to spread the message of peace.
4:58,Shield of Faith,4,58,Raise the shield of faith to deflect the arrows of doubt and fear.
4:59,Sword of the Spirit,4,59,Protect your mind with the helmet of salvation and wield the sword of the Spirit-the very word of God.
5:00,Day 5: Fish and Birds,5,00,"The waters teemed with living creatures, and birds soared across the vault of the sky."
5:01,Galatians,5,01,"It is for freedom that Christ has set us free. Stand firm, then, and do not let yourselves be burdened again by a yoke of slavery."
5:02,1 Peter,5,02,"Be shepherds of God's flock that is under your care, watching over them-not because you must, but because you are willing, as God wants you to be; not pursuing dishonest gain, but eager to serve;"
5:03,Matthew,5,03,"""Blessed are the poor in spirit, for theirs is the kingdom of heaven."
5:04,1 John,5,04,"for everyone born of God overcomes the world. This is the victory that has overcome the world, even our faith."
5:05,Matthew,5,05,"Blessed are the meek, for they will inherit the earth."
5:06,Galatians,5,06,For in Christ Jesus neither circumcision nor uncircumcision has any value. The only thing that counts is faith expressing itself through love.
5:07,Matthew,5,07,"Blessed are the merciful, for they will be shown mercy."
5:08,Romans,5,08,"But God demonstrates his own love for us in this: While we were still sinners, Christ died for us."
5:09,Romans,5,09,"Since we have now been justified by his blood, how much more shall we be saved from God's wrath through him!"
5:10,1 Thessalonians,5,10,"He died for us so that, whether we are awake or asleep, we may live together with him."
5:11,James,5,11,"As you know, we count as blessed those who have persevered. You have heard of Job's perseverance and have seen what the Lord finally brought about. The Lord is full of compassion and mercy."
5:12,Revelation,5,12,"In a loud voice they were saying: ""Worthy is the Lamb, who was slain, to receive power and wealth and wisdom and strength and honor and glory and praise!"""
5:13,Romans,5,13,"To be sure, sin was in the world before the law was given, but sin is not charged against anyone's account where there is no law."
5:14,1 Thessalonians,5,14,"And we urge you, brothers and sisters, warn those who are idle and disruptive, encourage the disheartened, help the weak, be patient with everyone."
5:15,1 Thessalonians,5,15,"Make sure that nobody pays back wrong for wrong, but always strive to do what is good for each other and for everyone else."
5:16,Matthew,5,16,"In the same way, let your light shine before others, that they may see your good deeds and glorify your Father in heaven."
5:17,Galatians,5,17,"For the flesh desires what is contrary to the Spirit, and the Spirit what is contrary to the flesh. They are in conflict with each other, so that you are not to do whatever you want."
5:18,Matthew,5,18,"For truly I tell you, until heaven and earth disappear, not the smallest letter, not the least stroke of a pen, will by any means disappear from the Law until everything is accomplished."
5:19,Ecclesiastes,5,19,"Moreover, when God gives someone wealth and possessions, and the ability to enjoy them, to accept their lot and be happy in their toil-this is a gift of God."
5:20,Luke,5,20,"When Jesus saw their faith, he said, ""Friend, your sins are forgiven."""
5:21,Jeremiah,5,21,"Hear this, you foolish and senseless people, who have eyes but do not see, who have ears but do not hear:"
5:22,John,5,22,"Moreover, the Father judges no one, but has entrusted all judgment to the Son,"
5:23,Luke,5,23,"Which is easier: to say, 'Your sins are forgiven,' or to say, 'Get up and walk'?"
5:24,John,5,24,"""Very truly I tell you, whoever hears my word and believes him who sent me has eternal life and will not be judged but has crossed over from death to life."
5:25,Galatians,5,25,"Since we live by the Spirit, let us keep in step with the Spirit."
5:26,John,5,26,"For as the Father has life in himself, so he has granted the Son also to have life in himself."
5:27,Mark,5,27,"When she heard about Jesus, she came up behind him in the crowd and touched his cloak,"
5:28,Ephesians,5,28,"In this same way, husbands ought to love their wives as their own bodies. He who loves his wife loves himself."
5:29,Mark,5,29,Immediately her bleeding stopped and she felt in her body that she was freed from her suffering.
5:30,Matthew,5,30,"And if your right hand causes you to stumble, cut it off and throw it away. It is better for you to lose one part of your body than for your whole body to go into hell."
5:31,Mark,5,31,"""You see the people crowding against you,"" his disciples answered, ""and yet you can ask, 'Who touched me?' """
5:32,Luke,5,32,"I have not come to call the righteous, but sinners to repentance."""
5:33,Mark,5,33,"Then the woman, knowing what had happened to her, came and fell at his feet and, trembling with fear, told him the whole truth."
5:34,Mark,5,34,"He said to her, ""Daughter, your faith has healed you. Go in peace and be freed from your suffering."""
5:35,John,5,35,"John was a lamp that burned and gave light, and you chose for a time to enjoy his light."
5:36,Mark,5,36,"Overhearing what they said, Jesus told him, ""Don't be afraid; just believe."""
5:37,Matthew,5,37,All you need to say is simply 'Yes' or 'No'; anything beyond this comes from the evil one.
5:38,Luke,5,38,"No, new wine must be poured into new wineskins."
5:39,Matthew,5,39,"But I tell you, do not resist an evil person. If anyone slaps you on the right cheek, turn to them the other cheek also."
5:40,Matthew,5,40,"And if anyone wants to sue you and take your shirt, hand over your coat as well."
5:41,Matthew,5,41,"If anyone forces you to go one mile, go with them two miles."
5:42,Mark,5,42,Immediately the girl stood up and began to walk around (she was twelve years old). At this they were completely astonished.
5:43,Matthew,5,43,"""You have heard that it was said, 'Love your neighbor and hate your enemy.'"
5:44,Matthew,5,44,"But I tell you, love your enemies and pray for those who persecute you,"
5:45,Matthew,5,45,"that you may be children of your Father in heaven. He causes his sun to rise on the evil and the good, and sends rain on the righteous and the unrighteous."
5:46,John,5,46,"If you believed Moses, you would believe me, for he wrote about me."
5:47,Matthew,5,47,"And if you greet only your own people, what are you doing more than others? Do not even pagans do that?"
5:48,Matthew,5,48,"Be perfect, therefore, as your heavenly Father is perfect."
5:49,Fruit of the Spirit,5,49,"Love: Patient, kind, and selfless-a love that never fails."
5:50,Fruit of the Spirit,5,50,"Joy: Rejoice in every circumstance, for joy comes from the Lord."
5:51,Fruit of the Spirit,5,51,Peace: Let God's peace rule in your heart and mind.
5:52,Fruit of the Spirit,5,52,Patience: Bear with one another in love and trust in God's timing.
5:53,Fruit of the Spirit,5,53,Kindness: Show genuine care and compassion to everyone you meet.
5:54,Fruit of the Spirit,5,54,"Goodness: Seek to do good at all times, reflecting God's heart."
5:55,Fruit of the Spirit,5,55,Faithfulness: Remain steadfast and true in your walk with the Lord.
5:56,Fruit of the Spirit,5,56,Gentleness: Approach every situation with humility and grace.
5:57,Fruit of the Spirit,5,57,Self-Control: Master your impulses and live by the Spirit's guidance.
5:58,Fruit of the Spirit,5,58,Reflect on these fruits daily; let your life be a living testimony of God's work in you.
5:59,Fruit of the Spirit,5,59,May the full fruit of the Spirit abound in your life as a beacon of God's love.
6:00,Day 6: Mankind,6,00,God created every living creature and made man in His own image.
6:01,Matthew,6,01,"""Be careful not to practice your righteousness in front of others to be seen by them. If you do, you will have no reward from your Father in heaven."
6:02,Ephesians,6,02,"""Honor your father and mother""-which is the first commandment with a promise-"
6:03,Matthew,6,03,"But when you give to the needy, do not let your left hand know what your right hand is doing,"
6:04,2 Corinthians,6,04,"Rather, as servants of God we commend ourselves in every way: in great endurance; in troubles, hardships and distresses;"
6:05,Deuteronomy,6,05,Love the Lord your God with all your heart and with all your soul and with all your strength.
6:06,Hosea,6,06,"For I desire mercy, not sacrifice, and acknowledgment of God rather than burnt offerings."
6:07,Exodus,6,07,"I will take you as my own people, and I will be your God. Then you will know that I am the Lord your God, who brought you out from under the yoke of the Egyptians."
6:08,Romans,6,08,"Now if we died with Christ, we believe that we will also live with him."
6:09,John,6,09,"""Here is a boy with five small barley loaves and two small fish, but how far will they go among so many?"""
6:10,Matthew,6,10,"your kingdom come, your will be done, on earth as it is in heaven."
6:11,Romans,6,11,"In the same way, count yourselves dead to sin but alive to God in Christ Jesus."
6:12,1 Kings,6,12,"""As for this temple you are building, if you follow my decrees, observe my laws and keep all my commands and obey them, I will fulfill through you the promise I gave to David your father."
6:13,Romans,6,13,"Do not offer any part of yourself to sin as an instrument of wickedness, but rather offer yourselves to God as those who have been brought from death to life; and offer every part of yourself to him as an instrument of righteousness."
6:14,Job,6,14,"""Anyone who withholds kindness from a friend forsakes the fear of the Almighty."
6:15,Romans,6,15,What then? Shall we sin because we are not under the law but under grace? By no means!
6:16,Jeremiah,6,16,"This is what the Lord says: ""Stand at the crossroads and look; ask for the ancient paths, ask where the good way is, and walk in it, and you will find rest for your souls. But you said, 'We will not walk in it.'"
6:17,1 Corinthians,6,17,But whoever is united with the Lord is one with him in spirit.
6:18,Genesis,6,18,"But I will establish my covenant with you, and you will enter the ark-you and your sons and your wife and your sons' wives with you."
6:19,Genesis,6,19,"You are to bring into the ark two of all living creatures, male and female, to keep them alive with you."
6:20,Luke,6,20,"Looking at his disciples, he said: ""Blessed are you who are poor, for yours is the kingdom of God."
6:21,Matthew,6,21,"For where your treasure is, there your heart will be also."
6:22,Romans,6,22,"But now that you have been set free from sin and have become slaves of God, the benefit you reap leads to holiness, and the result is eternal life."
6:23,Romans,6,23,"For the wages of sin is death, but the gift of God is eternal life in Christ Jesus our Lord."
6:24,Matthew,6,24,"""No one can serve two masters. Either you will hate the one and love the other, or you will be devoted to the one and despise the other. You cannot serve both God and money."
6:25,Matthew,6,25,"""Therefore I tell you, do not worry about your life, what you will eat or drink; or about your body, what you will wear. Is not life more than food, and the body more than clothes?"
6:26,Matthew,6,26,"Look at the birds of the air; they do not sow or reap or store away in barns, and yet your heavenly Father feeds them. Are you not much more valuable than they?"
6:27,Matthew,6,27,Can any one of you by worrying add a single hour to your life?
6:28,Luke,6,28,"bless those who curse you, pray for those who mistreat you."
6:29,Exodus,6,29,"he said to him, ""I am the Lord. Tell Pharaoh king of Egypt everything I tell you."""
6:30,2 Chronicles,6,30,"then hear from heaven, your dwelling place. Forgive, and deal with everyone according to all they do, since you know their hearts (for you alone know the human heart),"
6:31,Luke,6,31,Do to others as you would have them do to you.
6:32,Luke,6,32,"""If you love those who love you, what credit is that to you? Even sinners love those who love them."
6:33,Matthew,6,33,"But seek first his kingdom and his righteousness, and all these things will be given to you as well."
6:34,Matthew,6,34,"Therefore do not worry about tomorrow, for tomorrow will worry about itself. Each day has enough trouble of its own."
6:35,Luke,6,35,"But love your enemies, do good to them, and lend to them without expecting to get anything back. Then your reward will be great, and you will be children of the Most High, because he is kind to the ungrateful and wicked."
6:36,Luke,6,36,"Be merciful, just as your Father is merciful."
6:37,Luke,6,37,"""Do not judge, and you will not be judged. Do not condemn, and you will not be condemned. Forgive, and you will be forgiven."
6:38,Luke,6,38,"Give, and it will be given to you. A good measure, pressed down, shaken together and running over, will be poured into your lap. For with the measure you use, it will be measured to you."""
6:39,Luke,6,39,"He also told them this parable: ""Can the blind lead the blind? Will they not both fall into a pit?"
6:40,Luke,6,40,"The student is not above the teacher, but everyone who is fully trained will be like their teacher."
6:41,Luke,6,41,"""Why do you look at the speck of sawdust in your brother's eye and pay no attention to the plank in your own eye?"
6:42,Luke,6,42,"How can you say to your brother, 'Brother, let me take the speck out of your eye,' when you yourself fail to see the plank in your own eye? You hypocrite, first take the plank out of your eye, and then you will see clearly to remove the speck from your brother's eye."
6:43,Luke,6,43,"""No good tree bears bad fruit, nor does a bad tree bear good fruit."
6:44,John,6,44,"""No one can come to me unless the Father who sent me draws them, and I will raise them up at the last day."
6:45,John,6,45,It is written in the Prophets: 'They will all be taught by God.' Everyone who has heard the Father and learned from him comes to me.
6:46,Luke,6,46,"""Why do you call me, 'Lord, Lord,' and do not do what I say?"
6:47,John,6,47,"Very truly I tell you, the one who believes has eternal life."
6:48,John,6,48,I am the bread of life.
6:49,Luke,6,49,"But the one who hears my words and does not put them into practice is like a man who built a house on the ground without a foundation. The moment the torrent struck that house, it collapsed and its destruction was complete."""
6:50,John,6,50,"But here is the bread that comes down from heaven, which anyone may eat and not die."
6:51,John,6,51,"I am the living bread that came down from heaven. Whoever eats this bread will live forever. This bread is my flesh, which I will give for the life of the world."""
6:52,Mark,6,52,for they had not understood about the loaves; their hearts were hardened.
6:53,John,6,53,"Jesus said to them, ""Very truly I tell you, unless you eat the flesh of the Son of Man and drink his blood, you have no life in you."
6:54,John,6,54,"Whoever eats my flesh and drinks my blood has eternal life, and I will raise them up at the last day."
6:55,John,6,55,For my flesh is real food and my blood is real drink.
6:56,John,6,56,"Whoever eats my flesh and drinks my blood remains in me, and I in them."
6:57,John,6,57,"Just as the living Father sent me and I live because of the Father, so the one who feeds on me will live because of me."
6:58,John,6,58,"This is the bread that came down from heaven. Your ancestors ate manna and died, but whoever feeds on this bread will live forever."""
6:59,John,6,59,He said this while teaching in the synagogue in Capernaum.
7:00,Day 7: Rest,7,00,"On the seventh day, God rested-blessing and sanctifying this day."
7:01,Genesis,7,01,"The Lord then said to Noah, ""Go into the ark, you and your whole family, because I have found you righteous in this generation."
7:02,Matthew,7,02,"For in the same way you judge others, you will be judged, and with the measure you use, it will be measured to you."
7:03,Acts,7,03,"Leave your country and your people,' God said, 'and go to the land I will show you.'"
7:04,Matthew,7,04,"How can you say to your brother, 'Let me take the speck out of your eye,' when all the time there is a plank in your own eye?"
7:05,Ecclesiastes,7,05,It is better to heed the rebuke of a wise person than to listen to the song of fools.
7:06,Romans,7,06,"But now, by dying to what once bound us, we have been released from the law so that we serve in the new way of the Spirit, and not in the old way of the written code."
7:07,Romans,7,07,"What shall we say, then? Is the law sinful? Certainly not! Nevertheless, I would not have known what sin was had it not been for the law. For I would not have known what coveting really was if the law had not said, ""You shall not covet."""
7:08,Matthew,7,08,"For everyone who asks receives; the one who seeks finds; and to the one who knocks, the door will be opened."
7:09,Matthew,7,09,"""Which of you, if your son asks for bread, will give him a stone?"
7:10,Psalm,7,10,"My shield is God Most High, who saves the upright in heart."
7:11,Matthew,7,11,"If you, then, though you are evil, know how to give good gifts to your children, how much more will your Father in heaven give good gifts to those who ask him!"
7:12,Matthew,7,12,"So in everything, do to others what you would have them do to you, for this sums up the Law and the Prophets."
7:13,Deuteronomy,7,13,"He will love you and bless you and increase your numbers. He will bless the fruit of your womb, the crops of your land-your grain, new wine and olive oil-the calves of your herds and the lambs of your flocks in the land he swore to your ancestors to give you."
7:14,Isaiah,7,14,"Therefore the Lord himself will give you a sign: The virgin will conceive and give birth to a son, and will call him Immanuel."
7:15,Luke,7,15,"The dead man sat up and began to talk, and Jesus gave him back to his mother."
7:16,John,7,16,"Jesus answered, ""My teaching is not my own. It comes from the one who sent me."
7:17,Psalm,7,17,I will give thanks to the Lord because of his righteousness; I will sing the praises of the name of the Lord Most High.
7:18,Matthew,7,18,"A good tree cannot bear bad fruit, and a bad tree cannot bear good fruit."
7:19,Romans,7,19,"For I do not do the good I want to do, but the evil I do not want to do-this I keep on doing."
7:20,Ecclesiastes,7,20,"Indeed, there is no one on earth who is righteous, no one who does what is right and never sins."
7:21,Matthew,7,21,"""Not everyone who says to me, 'Lord, Lord,' will enter the kingdom of heaven, but only the one who does the will of my Father who is in heaven."
7:22,2 Samuel,7,22,"""How great you are, Sovereign Lord! There is no one like you, and there is no God but you, as we have heard with our own ears."
7:23,Jeremiah,7,23,"but I gave them this command: Obey me, and I will be your God and you will be my people. Walk in obedience to all I command you, that it may go well with you."
7:24,Matthew,7,24,"""Therefore everyone who hears these words of mine and puts them into practice is like a wise man who built his house on the rock."
7:25,Matthew,7,25,"The rain came down, the streams rose, and the winds blew and beat against that house; yet it did not fall, because it had its foundation on the rock."
7:26,2 Samuel,7,26,"so that your name will be great forever. Then people will say, 'The Lord Almighty is God over Israel!' And the house of your servant David will be established in your sight."
7:27,Mark,7,27,"""First let the children eat all they want,"" he told her, ""for it is not right to take the children's bread and toss it to the dogs."""
7:28,Mark,7,28,"""Lord,"" she replied, ""even the dogs under the table eat the children's crumbs."""
7:29,Mark,7,29,"Then he told her, ""For such a reply, you may go; the demon has left your daughter."""
7:30,Mark,7,30,"She went home and found her child lying on the bed, and the demon gone."
7:31,John,7,31,"Still, many in the crowd believed in him. They said, ""When the Messiah comes, will he perform more signs than this man?"""
7:32,Acts,7,32,"I am the God of your fathers, the God of Abraham, Isaac and Jacob.' Moses trembled with fear and did not dare to look."
7:33,Luke,7,33,"For John the Baptist came neither eating bread nor drinking wine, and you say, 'He has a demon.'"
7:34,Luke,7,34,"The Son of Man came eating and drinking, and you say, 'Here is a glutton and a drunkard, a friend of tax collectors and sinners.'"
7:35,1 Corinthians,7,35,"I am saying this for your own good, not to restrict you, but that you may live in a right way in undivided devotion to the Lord."
7:36,Acts,7,36,"He led them out of Egypt and performed wonders and signs in Egypt, at the Red Sea and for forty years in the wilderness."
7:37,Mark,7,37,"People were overwhelmed with amazement. ""He has done everything well,"" they said. ""He even makes the deaf hear and the mute speak."""
7:38,John,7,38,"Whoever believes in me, as Scripture has said, rivers of living water will flow from within them."""
7:39,John,7,39,"By this he meant the Spirit, whom those who believed in him were later to receive. Up to that time the Spirit had not been given, since Jesus had not yet been glorified."
7:40,John,7,40,"On hearing his words, some of the people said, ""Surely this man is the Prophet."""
7:41,John,7,41,"Others said, ""He is the Messiah."" Still others asked, ""How can the Messiah come from Galilee?"
7:42,Luke,7,42,"Neither of them had the money to pay him back, so he forgave the debts of both. Now which of them will love him more?"""
7:43,Luke,7,43,"Simon replied, ""I suppose the one who had the bigger debt forgiven."" ""You have judged correctly,"" Jesus said."
7:44,Luke,7,44,"Then he turned toward the woman and said to Simon, ""Do you see this woman? I came into your house. You did not give me any water for my feet, but she wet my feet with her tears and wiped them with her hair."
7:45,Luke,7,45,"You did not give me a kiss, but this woman, from the time I entered, has not stopped kissing my feet."
7:46,Luke,7,46,"You did not put oil on my head, but she has poured perfume on my feet."
7:47,Luke,7,47,"Therefore, I tell you, her many sins have been forgiven-as her great love has shown. But whoever has been forgiven little loves little."""
7:48,Luke,7,48,"Then Jesus said to her, ""Your sins are forgiven."""
7:49,Acts,7,49,"""'Heaven is my throne, and the earth is my footstool. What kind of house will you build for me? says the Lord. Or where will my resting place be?"
7:50,Acts,7,50,Has not my hand made all these things?'
7:51,John,7,51,"""Does our law condemn a man without first hearing him to find out what he has been doing?"""
7:52,John,7,52,"They replied, ""Are you from Galilee, too? Look into it, and you will find that a prophet does not come out of Galilee."""
7:53,Acts,7,53,"you who have received the law that was given through angels but have not obeyed it."""
7:54,Acts,7,54,"When the members of the Sanhedrin heard this, they were furious and gnashed their teeth at him."
7:55,Acts,7,55,"But Stephen, full of the Holy Spirit, looked up to heaven and saw the glory of God, and Jesus standing at the right hand of God."
7:56,Acts,7,56,"""Look,"" he said, ""I see heaven open and the Son of Man standing at the right hand of God."""
7:57,Acts,7,57,"At this they covered their ears and, yelling at the top of their voices, they all rushed at him,"
7:58,Acts,7,58,"dragged him out of the city and began to stone him. Meanwhile, the witnesses laid their coats at the feet of a young man named Saul."
7:59,Acts,7,59,"While they were stoning him, Stephen prayed, ""Lord Jesus, receive my spirit."""
8:00,12 Tribes of Israel,8,00,"Remember the 12 tribes of Israel: Reuben, Simeon, Levi, Judah, Dan, Naphtali, Gad, Asher, Issachar, Zebulun, Joseph, and Benjamin."
8:01,Romans,8,01,"Therefore, there is now no condemnation for those who are in Christ Jesus,"
8:02,Romans,8,02,because through Christ Jesus the law of the Spirit who gives life has set you free from the law of sin and death.
8:03,Romans,8,03,"For what the law was powerless to do because it was weakened by the flesh, God did by sending his own Son in the likeness of sinful flesh to be a sin offering. And so he condemned sin in the flesh,"
8:04,1 Corinthians,8,04,"So then, about eating food sacrificed to idols: We know that ""An idol is nothing at all in the world"" and that ""There is no God but one."""
8:05,Romans,8,05,Those who live according to the flesh have their minds set on what the flesh desires; but those who live in accordance with the Spirit have their minds set on what the Spirit desires.
8:06,1 Samuel,8,06,"But when they said, ""Give us a king to lead us,"" this displeased Samuel; so he prayed to the Lord."
8:07,2 Corinthians,8,07,"But since you excel in everything-in faith, in speech, in knowledge, in complete earnestness and in the love we have kindled in you-see that you also excel in this grace of giving."
8:08,Luke,8,08,"Still other seed fell on good soil. It came up and yielded a crop, a hundred times more than was sown."" When he said this, he called out, ""Whoever has ears to hear, let them hear."""
8:09,2 Corinthians,8,09,"For you know the grace of our Lord Jesus Christ, that though he was rich, yet for your sake he became poor, so that you through his poverty might become rich."
8:10,Romans,8,10,"But if Christ is in you, then even though your body is subject to death because of sin, the Spirit gives life because of righteousness."
8:11,Genesis,8,11,"When the dove returned to him in the evening, there in its beak was a freshly plucked olive leaf! Then Noah knew that the water had receded from the earth."
8:12,John,8,12,"When Jesus spoke again to the people, he said, ""I am the light of the world. Whoever follows me will never walk in darkness, but will have the light of life."""
8:13,Matthew,8,13,"Then Jesus said to the centurion, ""Go! Let it be done just as you believed it would."" And his servant was healed at that moment."
8:14,Romans,8,14,For those who are led by the Spirit of God are the children of God.
8:15,Mark,8,15,"""Be careful,"" Jesus warned them. ""Watch out for the yeast of the Pharisees and that of Herod."""
8:16,Luke,8,16,"""No one lights a lamp and hides it in a clay jar or puts it under a bed. Instead, they put it on a stand, so that those who come in can see the light."
8:17,Luke,8,17,"For there is nothing hidden that will not be disclosed, and nothing concealed that will not be known or brought out into the open."
8:18,Romans,8,18,I consider that our present sufferings are not worth comparing with the glory that will be revealed in us.
8:19,John,8,19,"Then they asked him, ""Where is your father?"" ""You do not know me or my Father,"" Jesus replied. ""If you knew me, you would know my Father also."""
8:20,Matthew,8,20,"Jesus replied, ""Foxes have dens and birds have nests, but the Son of Man has no place to lay his head."""
8:21,Genesis,8,21,"The Lord smelled the pleasing aroma and said in his heart: ""Never again will I curse the ground because of humans, even though every inclination of the human heart is evil from childhood. And never again will I destroy all living creatures, as I have done."
8:22,Genesis,8,22,"""As long as the earth endures, seedtime and harvest, cold and heat, summer and winter, day and night will never cease."""
8:23,Ezra,8,23,"So we fasted and petitioned our God about this, and he answered our prayer."
8:24,Luke,8,24,"The disciples went and woke him, saying, ""Master, Master, we're going to drown!"" He got up and rebuked the wind and the raging waters; the storm subsided, and all was calm."
8:25,Luke,8,25,"""Where is your faith?"" he asked his disciples. In fear and amazement they asked one another, ""Who is this? He commands even the winds and the water, and they obey him."""
8:26,Romans,8,26,"In the same way, the Spirit helps us in our weakness. We do not know what we ought to pray for, but the Spirit himself intercedes for us through wordless groans."
8:27,1 Kings,8,27,"""But will God really dwell on earth? The heavens, even the highest heaven, cannot contain you. How much less this temple I have built!"
8:28,John,8,28,"So Jesus said, ""When you have lifted up the Son of Man, then you will know that I am he and that I do nothing on my own but speak just what the Father has taught me."
8:29,Mark,8,29,"""But what about you?"" he asked. ""Who do you say I am?"" Peter answered, ""You are the Messiah."""
8:30,1 Kings,8,30,"Hear the supplication of your servant and of your people Israel when they pray toward this place. Hear from heaven, your dwelling place, and when you hear, forgive."
8:31,Mark,8,31,"He then began to teach them that the Son of Man must suffer many things and be rejected by the elders, the chief priests and the teachers of the law, and that he must be killed and after three days rise again."
8:32,Romans,8,32,"He who did not spare his own Son, but gave him up for us all-how will he not also, along with him, graciously give us all things?"
8:33,Proverbs,8,33,Listen to my instruction and be wise; do not disregard it.
8:34,John,8,34,"Jesus replied, ""Very truly I tell you, everyone who sins is a slave to sin."
8:35,Proverbs,8,35,For those who find me find life and receive favor from the Lord.
8:36,Mark,8,36,"What good is it for someone to gain the whole world, yet forfeit their soul?"
8:37,Mark,8,37,Or what can anyone give in exchange for their soul?
8:38,Mark,8,38,"If anyone is ashamed of me and my words in this adulterous and sinful generation, the Son of Man will be ashamed of them when he comes in his Father's glory with the holy angels."""
8:39,Romans,8,39,"neither height nor depth, nor anything else in all creation, will be able to separate us from the love of God that is in Christ Jesus our Lord."
8:40,Luke,8,40,"Now when Jesus returned, a crowd welcomed him, for they were all expecting him."
8:41,Luke,8,41,"Then a man named Jairus, a synagogue leader, came and fell at Jesus' feet, pleading with him to come to his house"
8:42,John,8,42,"Jesus said to them, ""If God were your Father, you would love me, for I have come here from God. I have not come on my own; God sent me."
8:43,Luke,8,43,"And a woman was there who had been subject to bleeding for twelve years, but no one could heal her."
8:44,Luke,8,44,"She came up behind him and touched the edge of his cloak, and immediately her bleeding stopped."
8:45,Luke,8,45,"""Who touched me?"" Jesus asked. When they all denied it, Peter said, ""Master, the people are crowding and pressing against you."""
8:46,Luke,8,46,"But Jesus said, ""Someone touched me; I know that power has gone out from me."""
8:47,John,8,47,"Whoever belongs to God hears what God says. The reason you do not hear is that you do not belong to God."""
8:48,Luke,8,48,"Then he said to her, ""Daughter, your faith has healed you. Go in peace."""
8:49,1 Kings,8,49,"then from heaven, your dwelling place, hear their prayer and their plea, and uphold their cause."
8:50,1 Kings,8,50,"And forgive your people, who have sinned against you; forgive all the offenses they have committed against you, and cause their captors to show them mercy;"
8:51,John,8,51,"Very truly I tell you, whoever obeys my word will never see death."""
8:52,Luke,8,52,"Meanwhile, all the people were wailing and mourning for her. ""Stop wailing,"" Jesus said. ""She is not dead but asleep."""
8:53,1 Kings,8,53,"For you singled them out from all the nations of the world to be your own inheritance, just as you declared through your servant Moses when you, Sovereign Lord, brought our ancestors out of Egypt."""
8:54,John,8,54,"Jesus replied, ""If I glorify myself, my glory means nothing. My Father, whom you claim as your God, is the one who glorifies me."
8:55,John,8,55,"Though you do not know him, I know him. If I said I did not, I would be a liar like you, but I do know him and obey his word."
8:56,1 Kings,8,56,"""Praise be to the Lord, who has given rest to his people Israel just as he promised. Not one word has failed of all the good promises he gave through his servant Moses."
8:57,1 Kings,8,57,May the Lord our God be with us as he was with our ancestors; may he never leave us nor forsake us.
8:58,John,8,58,"""Very truly I tell you,"" Jesus answered, ""before Abraham was born, I am!"""
8:59,John,8,59,"At this, they picked up stones to stone him, but Jesus hid himself, slipping away from the temple grounds."
9:00,12 Tribes of Israel,9,00,Reflect on the heritage and purpose of each tribe-may their stories inspire our own journey of faith and community.
9:01,Psalm,9,01,"I will give thanks to you, Lord, with all my heart; I will tell of all your wonderful deeds."
9:02,Luke,9,02,and he sent them out to proclaim the kingdom of God and to heal the sick.
9:03,2 Samuel,9,03,"The king asked, ""Is there no one still alive from the house of Saul to whom I can show God's kindness?"" Ziba answered the king, ""There is still a son of Jonathan; he is lame in both feet."""
9:04,John,9,04,"As long as it is day, we must do the works of him who sent me. Night is coming, when no one can work."
9:05,Matthew,9,05,"Which is easier: to say, 'Your sins are forgiven,' or to say, 'Get up and walk'?"
9:06,2 Corinthians,9,06,"Remember this: Whoever sows sparingly will also reap sparingly, and whoever sows generously will also reap generously."
9:07,Genesis,9,07,"As for you, be fruitful and increase in number; multiply on the earth and increase upon it."""
9:08,2 Corinthians,9,08,"And God is able to bless you abundantly, so that in all things at all times, having all that you need, you will abound in every good work."
9:09,Daniel,9,09,"The Lord our God is merciful and forgiving, even though we have rebelled against him;"
9:10,Psalm,9,10,"Those who know your name trust in you, for you, Lord, have never forsaken those who seek you."
9:11,Genesis,9,11,"I establish my covenant with you: Never again will all life be destroyed by the waters of a flood; never again will there be a flood to destroy the earth."""
9:12,Proverbs,9,12,"If you are wise, your wisdom will reward you; if you are a mocker, you alone will suffer."
9:13,Genesis,9,13,"I have set my rainbow in the clouds, and it will be the sign of the covenant between me and the earth."
9:14,Hebrews,9,14,"How much more, then, will the blood of Christ, who through the eternal Spirit offered himself unblemished to God, cleanse our consciences from acts that lead to death, so that we may serve the living God!"
9:15,2 Corinthians,9,15,Thanks be to God for his indescribable gift!
9:16,Zechariah,9,16,The Lord their God will save his people on that day as a shepherd saves his flock. They will sparkle in his land like jewels in a crown.
9:17,Ecclesiastes,9,17,The quiet words of the wise are more to be heeded than the shouts of a ruler of fools.
9:18,Acts,9,18,"Immediately, something like scales fell from Saul's eyes, and he could see again. He got up and was baptized,"
9:19,Daniel,9,19,"Lord, listen! Lord, forgive! Lord, hear and act! For your sake, my God, do not delay, because your city and your people bear your Name."""
9:20,1 Corinthians,9,20,"To the Jews I became like a Jew, to win the Jews. To those under the law I became like one under the law (though I myself am not under the law), so as to win those under the law."
9:21,Matthew,9,21,"She said to herself, ""If I only touch his cloak, I will be healed."""
9:22,Matthew,9,22,"Jesus turned and saw her. ""Take heart, daughter,"" he said, ""your faith has healed you."" And the woman was healed at that moment."
9:23,Jeremiah,9,23,"This is what the Lord says: ""Let not the wise boast of their wisdom or the strong boast of their strength or the rich boast of their riches,"
9:24,1 Corinthians,9,24,"Do you not know that in a race all the runners run, but only one gets the prize? Run in such a way as to get the prize."
9:25,Luke,9,25,"What good is it for someone to gain the whole world, and yet lose or forfeit their very self?"
9:26,Luke,9,26,"Whoever is ashamed of me and my words, the Son of Man will be ashamed of them when he comes in his glory and in the glory of the Father and of the holy angels."
9:27,Matthew,9,27,"As Jesus went on from there, two blind men followed him, calling out, ""Have mercy on us, Son of David!"""
9:28,Matthew,9,28,"When he had gone indoors, the blind men came to him, and he asked them, ""Do you believe that I am able to do this?"" ""Yes, Lord,"" they replied."
9:29,Matthew,9,29,"Then he touched their eyes and said, ""According to your faith let it be done to you"";"
9:30,Luke,9,30,"Two men, Moses and Elijah, appeared in glorious splendor, talking with Jesus."
9:31,John,9,31,We know that God does not listen to sinners. He listens to the godly person who does his will.
9:32,Luke,9,32,"Peter and his companions were very sleepy, but when they became fully awake, they saw his glory and the two men standing with him."
9:33,John,9,33,"If this man were not from God, he could do nothing."""
9:34,Acts,9,34,"""Aeneas,"" Peter said to him, ""Jesus Christ heals you. Get up and roll up your mat."" Immediately Aeneas got up."
9:35,Mark,9,35,"Sitting down, Jesus called the Twelve and said, ""Anyone who wants to be first must be the very last, and the servant of all."""
9:36,Matthew,9,36,"When he saw the crowds, he had compassion on them, because they were harassed and helpless, like sheep without a shepherd."
9:37,Mark,9,37,"""Whoever welcomes one of these little children in my name welcomes me; and whoever welcomes me does not welcome me but the one who sent me."""
9:38,John,9,38,"Then the man said, ""Lord, I believe,"" and he worshiped him."
9:39,Mark,9,39,"""Do not stop him,"" Jesus said. ""For no one who does a miracle in my name can in the next moment say anything bad about me,"
9:40,Acts,9,40,"Peter sent them all out of the room; then he got down on his knees and prayed. Turning toward the dead woman, he said, ""Tabitha, get up."" She opened her eyes, and seeing Peter she sat up."
9:41,Mark,9,41,"Truly I tell you, anyone who gives you a cup of water in my name because you belong to the Messiah will certainly not lose their reward."
9:42,Mark,9,42,"""If anyone causes one of these little ones-those who believe in me-to stumble, it would be better for them if a large millstone were hung around their neck and they were thrown into the sea."
9:43,Mark,9,43,"If your hand causes you to stumble, cut it off. It is better for you to enter life maimed than with two hands to go into hell, where the fire never goes out."
9:44,Luke,9,44,"""Listen carefully to what I am about to tell you: The Son of Man is going to be delivered into the hands of men."""
9:45,Mark,9,45,"And if your foot causes you to stumble, cut it off. It is better for you to enter life crippled than to have two feet and be thrown into hell."
9:46,Luke,9,46,An argument started among the disciples as to which of them would be the greatest.
9:47,Luke,9,47,"Jesus, knowing their thoughts, took a little child and had him stand beside him."
9:48,Luke,9,48,"Then he said to them, ""Whoever welcomes this little child in my name welcomes me; and whoever welcomes me welcomes the one who sent me. For it is the one who is least among you all who is the greatest."""
9:49,Luke,9,49,"""Master,"" said John, ""we saw someone driving out demons in your name and we tried to stop him, because he is not one of us."""
9:50,Luke,9,50,"""Do not stop him,"" Jesus said, ""for whoever is not against you is for you."""
9:51,Luke,9,51,"As the time approached for him to be taken up to heaven, Jesus resolutely set out for Jerusalem."
9:52,Luke,9,52,"And he sent messengers on ahead, who went into a Samaritan village to get things ready for him;"
9:53,Luke,9,53,"but the people there did not welcome him, because he was heading for Jerusalem."
9:54,Luke,9,54,"When the disciples James and John saw this, they asked, ""Lord, do you want us to call fire down from heaven to destroy them?"""
9:55,Luke,9,55,But Jesus turned and rebuked them.
9:56,Luke,9,56,Then he and his disciples went to another village.
9:57,Luke,9,57,"As they were walking along the road, a man said to him, ""I will follow you wherever you go."""
9:58,Luke,9,58,"Jesus replied, ""Foxes have dens and birds have nests, but the Son of Man has no place to lay his head."""
9:59,Luke,9,59,"He said to another man, ""Follow me."" But he replied, ""Lord, first let me go and bury my father."""
10:00,Christian Wisdom,10,00,"Let your light shine before others, that they may see your good deeds and glorify your Father in heaven."
10:01,Hebrews,10,01,"The law is only a shadow of the good things that are coming-not the realities themselves. For this reason it can never, by the same sacrifices repeated endlessly year after year, make perfect those who draw near to worship."
10:02,Luke,10,02,"He told them, ""The harvest is plentiful, but the workers are few. Ask the Lord of the harvest, therefore, to send out workers into his harvest field."
10:03,Proverbs,10,03,"The Lord does not let the righteous go hungry, but he thwarts the craving of the wicked."
10:04,2 Corinthians,10,04,"The weapons we fight with are not the weapons of the world. On the contrary, they have divine power to demolish strongholds."
10:05,Mark,10,05,"""It was because your hearts were hard that Moses wrote you this law,"" Jesus replied."
10:06,1 Samuel,10,06,"The Spirit of the Lord will come powerfully upon you, and you will prophesy with them; and you will be changed into a different person."
10:07,John,10,07,"Therefore Jesus said again, ""Very truly I tell you, I am the gate for the sheep."
10:08,Matthew,10,08,"Heal the sick, raise the dead, cleanse those who have leprosy, drive out demons. Freely you have received; freely give."
10:09,Mark,10,09,"Therefore what God has joined together, let no one separate."""
10:10,Jeremiah,10,10,"But the Lord is the true God; he is the living God, the eternal King. When he is angry, the earth trembles; the nations cannot endure his wrath."
10:11,Deuteronomy,10,11,"""Go,"" the Lord said to me, ""and lead the people on their way, so that they may enter and possess the land I swore to their ancestors to give them."""
10:12,Romans,10,12,"For there is no difference between Jew and Gentile-the same Lord is Lord of all and richly blesses all who call on him,"
10:13,Joshua,10,13,"So the sun stood still, and the moon stopped, till the nation avenged itself on its enemies, as it is written in the Book of Jashar. The sun stopped in the middle of the sky and delayed going down about a full day."
10:14,Deuteronomy,10,14,"To the Lord your God belong the heavens, even the highest heavens, the earth and everything in it."
10:15,Acts,10,15,"The voice spoke to him a second time, ""Do not call anything impure that God has made clean."""
10:16,John,10,16,"I have other sheep that are not of this sheep pen. I must bring them also. They too will listen to my voice, and there shall be one flock and one shepherd."
10:17,2 Corinthians,10,17,"But, ""Let the one who boasts boast in the Lord."""
10:18,Matthew,10,18,On my account you will be brought before governors and kings as witnesses to them and to the Gentiles.
10:19,Proverbs,10,19,"Sin is not ended by multiplying words, but the prudent hold their tongues."
10:20,Ecclesiastes,10,20,"Do not revile the king even in your thoughts, or curse the rich in your bedroom, because a bird in the sky may carry your words, and a bird on the wing may report what you say."
10:21,Luke,10,21,"At that time Jesus, full of joy through the Holy Spirit, said, ""I praise you, Father, Lord of heaven and earth, because you have hidden these things from the wise and learned, and revealed them to little children. Yes, Father, for this is what you were pleased to do."
10:22,Matthew,10,22,"You will be hated by everyone because of me, but the one who stands firm to the end will be saved."
10:23,Luke,10,23,"Then he turned to his disciples and said privately, ""Blessed are the eyes that see what you see."
10:24,1 Kings,10,24,The whole world sought audience with Solomon to hear the wisdom God had put in his heart.
10:25,Mark,10,25,"It is easier for a camel to go through the eye of a needle than for someone who is rich to enter the kingdom of God."""
10:26,Matthew,10,26,"""So do not be afraid of them, for there is nothing concealed that will not be disclosed, or hidden that will not be made known."
10:27,Mark,10,27,"Jesus looked at them and said, ""With man this is impossible, but not with God; all things are possible with God."""
10:28,Proverbs,10,28,"The prospect of the righteous is joy, but the hopes of the wicked come to nothing."
10:29,Matthew,10,29,Are not two sparrows sold for a penny? Yet not one of them will fall to the ground outside your Father's care.
10:30,Proverbs,10,30,"The righteous will never be uprooted, but the wicked will not remain in the land."
10:31,Mark,10,31,"But many who are first will be last, and the last first."""
10:32,Matthew,10,32,"""Whoever acknowledges me before others, I will also acknowledge before my Father in heaven."
10:33,Matthew,10,33,"But whoever disowns me before others, I will disown before my Father in heaven."
10:34,Acts,10,34,"Then Peter began to speak: ""I now realize how true it is that God does not show favoritism"
10:35,Luke,10,35,"The next day he took out two denarii and gave them to the innkeeper. 'Look after him,' he said, 'and when I return, I will reimburse you for any extra expense you may have.'"
10:36,Luke,10,36,"""Which of these three do you think was a neighbor to the man who fell into the hands of robbers?"""
10:37,Luke,10,37,"The expert in the law replied, ""The one who had mercy on him."" Jesus told him, ""Go and do likewise."""
10:38,Matthew,10,38,Whoever does not take up their cross and follow me is not worthy of me.
10:39,Matthew,10,39,"Whoever finds their life will lose it, and whoever loses their life for my sake will find it."
10:40,Acts,10,40,but God raised him from the dead on the third day and caused him to be seen.
10:41,Luke,10,41,"""Martha, Martha,"" the Lord answered, ""you are worried and upset about many things,"
10:42,Luke,10,42,"but few things are needed-or indeed only one. Mary has chosen what is better, and it will not be taken away from her."""
10:43,Mark,10,43,"Not so with you. Instead, whoever wants to become great among you must be your servant,"
10:44,Mark,10,44,and whoever wants to be first must be slave of all.
10:45,Mark,10,45,"For even the Son of Man did not come to be served, but to serve, and to give his life as a ransom for many."""
10:46,Mark,10,46,"Then they came to Jericho. As Jesus and his disciples, together with a large crowd, were leaving the city, a blind man, Bartimaeus (which means ""son of Timaeus""), was sitting by the roadside begging."
10:47,Mark,10,47,"When he heard that it was Jesus of Nazareth, he began to shout, ""Jesus, Son of David, have mercy on me!"""
10:48,Mark,10,48,"Many rebuked him and told him to be quiet, but he shouted all the more, ""Son of David, have mercy on me!"""
10:49,Mark,10,49,"Jesus stopped and said, ""Call him."" So they called to the blind man, ""Cheer up! On your feet! He's calling you."""
10:50,Mark,10,50,"Throwing his cloak aside, he jumped to his feet and came to Jesus."
10:51,Mark,10,51,"""What do you want me to do for you?"" Jesus asked him. The blind man said, ""Rabbi, I want to see."""
10:52,Mark,10,52,"""Go,"" said Jesus, ""your faith has healed you."" Immediately he received his sight and followed Jesus along the road."
10:53,Trust in God's Timing,10,53,Trust in the Lord's timing; every moment of waiting is part of His perfect plan.
10:54,Gratitude,10,54,Cultivate gratitude in every circumstance; a thankful heart opens the door to blessings.
10:55,Wisdom,10,55,Seek wisdom as though it were hidden treasure; let God's word light your path.
10:56,Humility,10,56,"Embrace humility, knowing that true strength comes from a servant's heart."
10:57,Love,10,57,Let unconditional love guide your actions-love one another as Christ loves you.
10:58,Bold Faith,10,58,"Stand firm in bold faith; in our weakness, God's strength is made perfect."
10:59,Integrity,10,59,Live with unwavering integrity; let every act be a testimony of your commitment to truth.
11:00,Peace,11,00,"Rest in His peace and be still, for the Lord is always near."
11:01,Hebrews,11,01,Now faith is confidence in what we hope for and assurance about what we do not see.
11:02,Luke,11,02,"He said to them, ""When you pray, say: ""'Father, hallowed be your name, your kingdom come."
11:03,Luke,11,03,Give us each day our daily bread.
11:04,Hebrews,11,04,"By faith Abel brought God a better offering than Cain did. By faith he was commended as righteous, when God spoke well of his offerings. And by faith Abel still speaks, even though he is dead."
11:05,Proverbs,11,05,"The righteousness of the blameless makes their paths straight, but the wicked are brought down by their own wickedness."
11:06,Genesis,11,06,"The Lord said, ""If as one people speaking the same language they have begun to do this, then nothing they plan to do will be impossible for them."
11:07,Psalm,11,07,"For the Lord is righteous, he loves justice; the upright will see his face."
11:08,Hebrews,11,08,"By faith Abraham, when called to go to a place he would later receive as his inheritance, obeyed and went, even though he did not know where he was going."
11:09,Acts,11,09,"""The voice spoke from heaven a second time, 'Do not call anything impure that God has made clean.'"
11:10,Mark,11,10,"""Blessed is the coming kingdom of our father David!"" ""Hosanna in the highest heaven!"""
11:11,Luke,11,11,"""Which of you fathers, if your son asks for a fish, will give him a snake instead?"
11:12,Luke,11,12,"Or if he asks for an egg, will give him a scorpion?"
11:13,Luke,11,13,"If you then, though you are evil, know how to give good gifts to your children, how much more will your Father in heaven give the Holy Spirit to those who ask him!"""
11:14,Proverbs,11,14,"For lack of guidance a nation falls, but victory is won through many advisers."
11:15,Matthew,11,15,"Whoever has ears, let them hear."
11:16,Acts,11,16,"Then I remembered what the Lord had said: 'John baptized with water, but you will be baptized with the Holy Spirit.'"
11:17,Luke,11,17,"Jesus knew their thoughts and said to them: ""Any kingdom divided against itself will be ruined, and a house divided against itself will fall."
11:18,1 Chronicles,11,18,"So the Three broke through the Philistine lines, drew water from the well near the gate of Bethlehem and carried it back to David. But he refused to drink it; instead, he poured it out to the Lord."
11:19,Hebrews,11,19,"Abraham reasoned that God could even raise the dead, and so in a manner of speaking he did receive Isaac back from death."
11:20,Proverbs,11,20,"The Lord detests those whose hearts are perverse, but he delights in those whose ways are blameless."
11:21,John,11,21,"""Lord,"" Martha said to Jesus, ""if you had been here, my brother would not have died."
11:22,John,11,22,"But I know that even now God will give you whatever you ask."""
11:23,Mark,11,23,"""Truly I tell you, if anyone says to this mountain, 'Go, throw yourself into the sea,' and does not doubt in their heart but believes that what they say will happen, it will be done for them."
11:24,Proverbs,11,24,"One person gives freely, yet gains even more; another withholds unduly, but comes to poverty."
11:25,John,11,25,"Jesus said to her, ""I am the resurrection and the life. The one who believes in me will live, even though they die;"
11:26,John,11,26,"and whoever lives by believing in me will never die. Do you believe this?"""
11:27,John,11,27,"""Yes, Lord,"" she replied, ""I believe that you are the Messiah, the Son of God, who is to come into the world."""
11:28,Matthew,11,28,"""Come to me, all you who are weary and burdened, and I will give you rest."
11:29,Luke,11,29,"As the crowds increased, Jesus said, ""This is a wicked generation. It asks for a sign, but none will be given it except the sign of Jonah."
11:30,Luke,11,30,"For as Jonah was a sign to the Ninevites, so also will the Son of Man be to this generation."
11:31,Luke,11,31,"The Queen of the South will rise at the judgment with the people of this generation and condemn them, for she came from the ends of the earth to listen to Solomon's wisdom; and now something greater than Solomon is here."
11:32,Deuteronomy,11,32,be sure that you obey all the decrees and laws I am setting before you today.
11:33,Romans,11,33,"Oh, the depth of the riches of the wisdom and knowledge of God! How unsearchable his judgments, and his paths beyond tracing out!"
11:34,Hebrews,11,34,"quenched the fury of the flames, and escaped the edge of the sword; whose weakness was turned to strength; and who became powerful in battle and routed foreign armies."
11:35,Luke,11,35,"See to it, then, that the light within you is not darkness."
11:36,Romans,11,36,For from him and through him and for him are all things. To him be the glory forever! Amen.
11:37,Luke,11,37,"When Jesus had finished speaking, a Pharisee invited him to eat with him; so he went in and reclined at the table."
11:38,1 Kings,11,38,"If you do whatever I command you and walk in obedience to me and do what is right in my eyes by obeying my decrees and commands, as David my servant did, I will be with you. I will build you a dynasty as enduring as the one I built for David and will give Israel to you."
11:39,John,11,39,"""Take away the stone,"" he said. ""But, Lord,"" said Martha, the sister of the dead man, ""by this time there is a bad odor, for he has been there four days."""
11:40,John,11,40,"Then Jesus said, ""Did I not tell you that if you believe, you will see the glory of God?"""
11:41,John,11,41,"So they took away the stone. Then Jesus looked up and said, ""Father, I thank you that you have heard me."
11:42,John,11,42,"I knew that you always hear me, but I said this for the benefit of the people standing here, that they may believe that you sent me."""
11:43,John,11,43,"When he had said this, Jesus called in a loud voice, ""Lazarus, come out!"""
11:44,John,11,44,"The dead man came out, his hands and feet wrapped with strips of linen, and a cloth around his face. Jesus said to them, ""Take off the grave clothes and let him go."""
11:45,John,11,45,"Therefore many of the Jews who had come to visit Mary, and had seen what Jesus did, believed in him."
11:46,Luke,11,46,"Jesus replied, ""And you experts in the law, woe to you, because you load people down with burdens they can hardly carry, and you yourselves will not lift one finger to help them."
11:47,Luke,11,47,"""Woe to you, because you build tombs for the prophets, and it was your ancestors who killed them."
11:48,Luke,11,48,"So you testify that you approve of what your ancestors did; they killed the prophets, and you build their tombs."
11:49,Luke,11,49,"Because of this, God in his wisdom said, 'I will send them prophets and apostles, some of whom they will kill and others they will persecute.'"
11:50,John,11,50,"You do not realize that it is better for you that one man die for the people than that the whole nation perish."""
11:51,John,11,51,"He did not say this on his own, but as high priest that year he prophesied that Jesus would die for the Jewish nation,"
11:52,John,11,52,"and not only for that nation but also for the scattered children of God, to bring them together and make them one."
11:53,John,11,53,So from that day on they plotted to take his life.
11:54,John,11,54,"Therefore Jesus no longer moved about publicly among the people of Judea. Instead he withdrew to a region near the wilderness, to a village called Ephraim, where he stayed with his disciples."
11:55,John,11,55,"When it was almost time for the Jewish Passover, many went up from the country to Jerusalem for their ceremonial cleansing before the Passover."
11:56,John,11,56,"They kept looking for Jesus, and as they stood in the temple courts they asked one another, ""What do you think? Isn't he coming to the festival at all?"""
11:57,John,11,57,But the chief priests and the Pharisees had given orders that anyone who found out where Jesus was should report it so that they might arrest him.
11:58,Trust in the Lord,11,58,"Commit your way to the Lord; trust in Him, and He will act on your behalf."
11:59,A Blessing,11,59,"May the grace of our Lord Jesus Christ, the love of God, and the fellowship of the Holy Spirit be with you all."
12:00,Final Exhortation,12,00,"Go forth in faith, hope, and love-knowing that God's word is a lamp to your feet and a light to your path."
12:01,Romans,12,01,"Therefore, I urge you, brothers and sisters, in view of God's mercy, to offer your bodies as a living sacrifice, holy and pleasing to God-this is your true and proper worship."
12:02,Genesis,12,02,"""I will make you into a great nation, and I will bless you; I will make your name great, and you will be a blessing."
12:03,Romans,12,03,"For by the grace given me I say to every one of you: Do not think of yourself more highly than you ought, but rather think of yourself with sober judgment, in accordance with the faith God has distributed to each of you."
12:04,Isaiah,12,04,"In that day you will say: ""Give praise to the Lord, proclaim his name; make known among the nations what he has done, and proclaim that his name is exalted."
12:05,Romans,12,05,"so in Christ we, though many, form one body, and each member belongs to all the others."
12:06,Romans,12,06,"We have different gifts, according to the grace given to each of us. If your gift is prophesying, then prophesy in accordance with your faith;"
12:07,Luke,12,07,"Indeed, the very hairs of your head are all numbered. Don't be afraid; you are worth more than many sparrows."
12:08,Matthew,12,08,"For the Son of Man is Lord of the Sabbath."""
12:09,2 Corinthians,12,09,"But he said to me, ""My grace is sufficient for you, for my power is made perfect in weakness."" Therefore I will boast all the more gladly about my weaknesses, so that Christ's power may rest on me."
12:10,2 Corinthians,12,10,"That is why, for Christ's sake, I delight in weaknesses, in insults, in hardships, in persecutions, in difficulties. For when I am weak, then I am strong."
12:11,Romans,12,11,"Never be lacking in zeal, but keep your spiritual fervor, serving the Lord."
12:12,1 Corinthians,12,12,"Just as a body, though one, has many parts, but all its many parts form one body, so it is with Christ."
12:13,Ecclesiastes,12,13,"Now all has been heard; here is the conclusion of the matter: Fear God and keep his commandments, for this is the duty of all mankind."
12:14,Romans,12,14,Bless those who persecute you; bless and do not curse.
12:15,Romans,12,15,Rejoice with those who rejoice; mourn with those who mourn.
12:16,Mark,12,16,"They brought the coin, and he asked them, ""Whose image is this? And whose inscription?"" ""Caesar's,"" they replied."
12:17,Mark,12,17,"Then Jesus said to them, ""Give back to Caesar what is Caesar's and to God what is God's."" And they were amazed at him."
12:18,Romans,12,18,"If it is possible, as far as it depends on you, live at peace with everyone."
12:19,Romans,12,19,"Do not take revenge, my dear friends, but leave room for God's wrath, for it is written: ""It is mine to avenge; I will repay,"" says the Lord."
12:20,1 Corinthians,12,20,"As it is, there are many parts, but one body."
12:21,Romans,12,21,"Do not be overcome by evil, but overcome evil with good."
12:22,1 Samuel,12,22,"For the sake of his great name the Lord will not reject his people, because the Lord was pleased to make you his own."
12:23,Luke,12,23,"For life is more than food, and the body more than clothes."
12:24,1 Samuel,12,24,But be sure to fear the Lord and serve him faithfully with all your heart; consider what great things he has done for you.
12:25,John,12,25,"Anyone who loves their life will lose it, while anyone who hates their life in this world will keep it for eternal life."
12:26,Proverbs,12,26,"The righteous choose their friends carefully, but the way of the wicked leads them astray."
12:27,Mark,12,27,"He is not the God of the dead, but of the living. You are badly mistaken!"""
12:28,Hebrews,12,28,"Therefore, since we are receiving a kingdom that cannot be shaken, let us be thankful, and so worship God acceptably with reverence and awe,"
12:29,Luke,12,29,And do not set your heart on what you will eat or drink; do not worry about it.
12:30,Mark,12,30,Love the Lord your God with all your heart and with all your soul and with all your mind and with all your strength.'
12:31,1 Corinthians,12,31,Now eagerly desire the greater gifts. And yet I will show you the most excellent way.
12:32,John,12,32,"And I, when I am lifted up from the earth, will draw all people to myself."""
12:33,Matthew,12,33,"""Make a tree good and its fruit will be good, or make a tree bad and its fruit will be bad, for a tree is recognized by its fruit."
12:34,Luke,12,34,"For where your treasure is, there your heart will be also."
12:35,John,12,35,"Then Jesus told them, ""You are going to have the light just a little while longer. Walk while you have the light, before darkness overtakes you. Whoever walks in the dark does not know where they are going."
12:36,John,12,36,"Believe in the light while you have the light, so that you may become children of light."" When he had finished speaking, Jesus left and hid himself from them."
12:37,John,12,37,"Even after Jesus had performed so many signs in their presence, they still would not believe in him."
12:38,Luke,12,38,"It will be good for those servants whose master finds them ready, even if he comes in the middle of the night or toward daybreak."
12:39,Matthew,12,39,"He answered, ""A wicked and adulterous generation asks for a sign! But none will be given it except the sign of the prophet Jonah."
12:40,Luke,12,40,"You also must be ready, because the Son of Man will come at an hour when you do not expect him."""
12:41,Mark,12,41,Jesus sat down opposite the place where the offerings were put and watched the crowd putting their money into the temple treasury. Many rich people threw in large amounts.
12:42,Mark,12,42,"But a poor widow came and put in two very small copper coins, worth only a few cents."
12:43,Mark,12,43,"Calling his disciples to him, Jesus said, ""Truly I tell you, this poor widow has put more into the treasury than all the others."
12:44,Mark,12,44,"They all gave out of their wealth; but she, out of her poverty, put in everything-all she had to live on."""
12:45,John,12,45,The one who looks at me is seeing the one who sent me.
12:46,John,12,46,"I have come into the world as a light, so that no one who believes in me should stay in darkness."
12:47,John,12,47,"""If anyone hears my words but does not keep them, I do not judge that person. For I did not come to judge the world, but to save the world."
12:48,John,12,48,There is a judge for the one who rejects me and does not accept my words; the very words I have spoken will condemn them at the last day.
12:49,John,12,49,"For I did not speak on my own, but the Father who sent me commanded me to say all that I have spoken."
12:50,Matthew,12,50,"For whoever does the will of my Father in heaven is my brother and sister and mother."""
12:51,Luke,12,51,"Do you think I came to bring peace on earth? No, I tell you, but division."
12:52,Luke,12,52,"From now on there will be five in one family divided against each other, three against two and two against three."
12:53,Luke,12,53,"They will be divided, father against son and son against father, mother against daughter and daughter against mother, mother-in-law against daughter-in-law and daughter-in-law against mother-in-law."""
12:54,Luke,12,54,"He said to the crowd: ""When you see a cloud rising in the west, immediately you say, 'It's going to rain,' and it does."
12:55,Luke,12,55,"And when the south wind blows, you say, 'It's going to be hot,' and it is."
12:56,Luke,12,56,Hypocrites! You know how to interpret the appearance of the earth and the sky. How is it that you don't know how to interpret this present time?
12:57,Luke,12,57,"""Why don't you judge for yourselves what is right?"
12:58,Luke,12,58,"As you are going with your adversary to the magistrate, try hard to be reconciled on the way, or your adversary may drag you off to the judge, and the judge turn you over to the officer, and the officer throw you into prison."
12:59,Luke,12,59,"I tell you, you will not get out until you have paid the last penny."""